,Region,rooms,Area,Price,Year,elevator,status,plot,price_per_area,region_value
0,Kaukovainio,1,33.0,41500,1970,yes,good,rent,1257.5757575757575,1336.6360477158462
1,Myllytulli,1,37.5,96000,1992,yes,good,rent,2560.0,3141.0285702407214
2,Myllytulli,1,41.0,139000,2000,yes,good,own,3390.243902439024,3141.0285702407214
3,Myllyoja,1,31.0,39000,1974,no,good,rent,1258.0645161290322,1268.1674783372748
4,Myllyoja,1,32.0,37600,1974,yes,bad,rent,1175.0,1268.1674783372748
5,Koskela,1,36.0,40000,1968,no,fair,rent,1111.111111111111,1076.4021129400965
6,Keskusta,1,25.0,95000,1961,yes,good,own,3800.0,3179.3227764073595
7,Keskusta,2,25.0,195000,1961,yes,good,own,7800.0,3179.3227764073595
8,Metsokangas,1,27.5,93000,2021,yes,good,rent,3381.818181818182,2906.7292824145966
9,Keskusta,1,34.0,95500,1963,yes,good,own,2808.823529411765,3179.3227764073595
10,Etu-lyötty,1,32.0,108000,1999,yes,good,rent,3375.0,3267.6551538516082
11,Raksila,1,36.0,115000,1968,yes,good,own,3194.4444444444443,2171.2408561588295
12,Toppilansalmi,1,24.0,109000,2014,yes,good,rent,4541.666666666667,3750.2809593953384
13,Toppilansalmi,1,26.5,112000,2022,yes,good,rent,4226.415094339623,3750.2809593953384
14,Mäntylä,1,37.0,56000,1983,no,good,rent,1513.5135135135135,1833.2617836654445
15,Keskusta,1,38.0,136000,2006,yes, ,own,3578.9473684210525,3179.3227764073595
16,Hollihaka,1,37.0,67000,1946,yes,good,own,1810.8108108108108,2931.770360350811
17,Kiulukangas,1,28.5,104500,2021,no,good,rent,3666.6666666666665,3237.035285535898
18,Myllytulli,1,37.5,102000,1992,no,good,rent,2720.0,3141.0285702407214
19,Keskusta,1,25.0,90000,1955,yes,good,own,3600.0,3179.3227764073595
20,Kaukovainio,1,38.0,53000,1973,yes,good,rent,1394.7368421052631,1336.6360477158462
21,Alppila,1,31.0,110000,2015,yes,good,rent,3548.3870967741937,2675.1023673012123
22,Koskela,1,31.0,41000,1970,no, ,rent,1322.5806451612902,1076.4021129400965
23,Keskusta,1,32.0,96000,1964,yes,good,own,3000.0,3179.3227764073595
24,Myllyoja,1,29.0,47000,1973,yes,good,rent,1620.6896551724137,1268.1674783372748
25,Heinäpää,1,30.5,75000,1979,yes,good,own,2459.0163934426228,2230.320550345751
26,Puolivälinkangas,1,30.0,52500,1969,no,good,rent,1750.0,1174.308222744517
27,Oulu,1,32.0,84600,1978,yes,good,own,2643.75,3152.1868963908673
28,Myllyoja,1,29.0,42000,1973,no,good,rent,1448.2758620689656,1268.1674783372748
29,Peltola,1,35.5,61000,1955,no,good,rent,1718.3098591549297,2743.829084130451
30,Metsokangas,1,27.5,93000,2021,yes,good,rent,3381.818181818182,2906.7292824145966
31,Höyhtyä,1,29.0,50000,1962,yes,good,rent,1724.1379310344828,3065.432316834074
32,Kiulukangas,1,28.5,92900,2021,no,good,rent,3259.6491228070176,3237.035285535898
33,Koskela,1,29.0,38000,1968,no, ,rent,1310.344827586207,1076.4021129400965
34,Kiulukangas,1,28.5,102000,2021,no,good,rent,3578.9473684210525,3237.035285535898
35,Tuira,1,31.0,65000,1984,yes,good,rent,2096.7741935483873,2556.6371812766356
36,Tuira,1,27.0,136000,2019,yes,good,own,5037.037037037037,2556.6371812766356
37,Tuira,1,31.0,78169,1961,yes,good,rent,2521.5806451612902,2556.6371812766356
38,Kaukovainio,1,34.0,60000,1985,no,good,rent,1764.7058823529412,1336.6360477158462
39,Keskusta,1,31.5,126000,1998,yes,good,own,4000.0,3179.3227764073595
40,Koskenniska,1,30.0,94000,1973,yes,good,own,3133.3333333333335,3133.3333333333335
41,Tuira,1,37.0,80000,1984,yes,good,rent,2162.162162162162,2556.6371812766356
42,Nokela,1,30.5,80000,1970,no,good,rent,2622.9508196721313,1852.3093193415054
43,Kivikkokangas,1,34.5,107000,2018,no,good,rent,3101.449275362319,3111.9386570911815
44,Keskusta,1,26.0,136500,2015,yes,good,own,5250.0,3179.3227764073595
45,Keskusta,1,26.0,143500,2015,yes,good,own,5519.2307692307695,3179.3227764073595
46,Oulu,1,33.0,146850,2020,no,good,rent,4450.0,3152.1868963908673
47,Alppila,1,37.0,115000,2008,yes,good,rent,3108.108108108108,2675.1023673012123
48,Keskusta,1,29.0,142500,2016,yes,good,own,4913.793103448276,3179.3227764073595
49,Kaakkuri,1,32.5,84000,2011,yes,good,rent,2584.6153846153848,2119.9510898197573
50,Linnanmaa,1,36.5,101700,2001,no,good,own,2786.301369863014,4012.438469021417
51,Höyhtyä,1,30.0,50000,1963,yes,good,rent,1666.6666666666667,3065.432316834074
52,Tuira,1,30.0,78000,1939,no,good,rent,2600.0,2556.6371812766356
53,Linnanmaa,1,21.5,104500,2017,yes,good,own,4860.46511627907,4012.438469021417
54,Kaukovainio,1,36.0,62595,1972,yes,good,rent,1738.75,1336.6360477158462
55,Hiironen,1,39.0,76000,2001,yes,good,own,1948.7179487179487,2968.949743219198
56,Etu-lyötty,1,28.0,117500,2018,yes,good,own,4196.428571428572,3267.6551538516082
57,Höyhtyä,1,32.0,116500,2017,yes,good,rent,3640.625,3065.432316834074
58,Tuira,1,24.0,120000,2020,yes,good,rent,5000.0,2556.6371812766356
59,Tuira,1,25.5,117000,2020,yes,good,rent,4588.235294117647,2556.6371812766356
60,Alppila,1,26.0,98800,2013,yes,good,rent,3800.0,2675.1023673012123
61,Metsokangas,1,31.0,98000,2017,yes,good,rent,3161.2903225806454,2906.7292824145966
62,Heinäpää,1,27.0,50000,1977,no,good,own,1851.851851851852,2230.320550345751
63,Alppila,1,28.0,110000,2013,yes,good,rent,3928.5714285714284,2675.1023673012123
64,Intiö,1,30.5,77000,1975,yes,good,own,2524.590163934426,2198.111382272284
65,Puolivälinkangas,1,33.3,40000,1968,no,good,rent,1201.2012012012012,1174.308222744517
66,Keskusta,1,23.0,124019,2020,yes,good,rent,5392.130434782609,3179.3227764073595
67,Höyhtyä,1,31.0,127000,2016,yes,good,rent,4096.774193548387,3065.432316834074
68,Keskusta,1,27.0,66300,1959,yes,fair,own,2455.5555555555557,3179.3227764073595
69,Myllytulli,1,25.0,121500,2021,yes,good,own,4860.0,3141.0285702407214
70,Myllytulli,1,28.5,135000,2021,yes,good,own,4736.8421052631575,3141.0285702407214
71,Keskusta,1,31.0,136260,2020,yes,good,rent,4395.4838709677415,3179.3227764073595
72,Keskusta,1,31.0,143230,2020,yes,good,rent,4620.322580645161,3179.3227764073595
73,Keskusta,1,31.0,143640,2020,yes,good,rent,4633.548387096775,3179.3227764073595
74,Hiironen,1,24.0,94820,2017,yes,good,rent,3950.8333333333335,2968.949743219198
75,Toppilansalmi,1,23.0,99500,2018,yes, ,rent,4326.086956521739,3750.2809593953384
76,Toppilansalmi,1,24.0,85500,2014,yes,good,rent,3562.5,3750.2809593953384
77,Kaakkuri,1,31.5,78500,2011,no,good,rent,2492.063492063492,2119.9510898197573
78,Linnanmaa,1,21.5,99500,2017,yes,good,own,4627.906976744186,4012.438469021417
79,Toppilansalmi,1,28.5,102000,2019,yes,good,rent,3578.9473684210525,3750.2809593953384
80,Toppilansalmi,1,28.5,102000,2019,yes,good,rent,3578.9473684210525,3750.2809593953384
81,Keskusta,1,27.0,92500,1939,yes,good,own,3425.925925925926,3179.3227764073595
82,Keskusta,1,28.0,55000,1975,yes,fair,own,1964.2857142857142,3179.3227764073595
83,Kasarminranta,1,28.5,133000,2018,yes,good,own,4666.666666666667,4173.383190883192
84,Metsokangas,1,27.5,90000,2019,no,good,rent,3272.7272727272725,2906.7292824145966
85,Metsokangas,1,31.5,100000,2019,no,good,rent,3174.6031746031745,2906.7292824145966
86,Metsokangas,1,31.5,100000,2019,no,good,rent,3174.6031746031745,2906.7292824145966
87,Kivikkokangas,1,32.0,103500,2018,no,good,rent,3234.375,3111.9386570911815
88,Kivikkokangas,1,32.0,103500,2018,no,good,rent,3234.375,3111.9386570911815
89,Kivikkokangas,1,32.0,103500,2018,no,good,rent,3234.375,3111.9386570911815
90,Kivikkokangas,1,32.0,103500,2018,no,good,rent,3234.375,3111.9386570911815
91,Kivikkokangas,1,32.0,103500,2018,no,good,rent,3234.375,3111.9386570911815
92,Kivikkokangas,1,32.0,103500,2018,no,good,rent,3234.375,3111.9386570911815
93,Alppila,1,34.0,113500,2012,yes,good,rent,3338.235294117647,2675.1023673012123
94,Linnanmaa,1,21.5,99500,2017,yes,bad,own,4627.906976744186,4012.438469021417
95,Linnanmaa,1,21.5,99500,2017,yes,bad,own,4627.906976744186,4012.438469021417
96,Linnanmaa,1,24.5,105500,2014,yes,good,own,4306.122448979592,4012.438469021417
97,Välivainio,1,25.5,108700,2021,yes,bad,rent,4262.745098039216,2304.8410477167176
98,Linnanmaa,1,26.0,105500,2015,yes,bad,own,4057.6923076923076,4012.438469021417
99,Linnanmaa,1,26.5,106000,2014,yes,good,own,4000.0,4012.438469021417
100,Svaaninsuo,1,29.5,85000,1994,no,good,own,2881.35593220339,2570.717770929635
101,Linnanmaa,1,30.5,114500,2014,yes,good,own,3754.098360655738,4012.438469021417
102,Alppila,1,33.5,120000,2011,yes,good,own,3582.089552238806,2675.1023673012123
103,Koskela,1,34.0,48000,1984,no,good,rent,1411.764705882353,1076.4021129400965
104,Toppilansalmi,1,24.0,103000,2019,yes,good,rent,4291.666666666667,3750.2809593953384
105,Alppila,1,27.5,102500,2014,yes,good,rent,3727.2727272727275,2675.1023673012123
106,Hiironen,1,29.0,90000,2013,yes,good,own,3103.448275862069,2968.949743219198
107,Etu-lyötty,1,29.0,112000,2011,yes,good,own,3862.0689655172414,3267.6551538516082
108,Metsokangas,1,30.0,94000,2018,yes,good,rent,3133.3333333333335,2906.7292824145966
109,Hiironen,1,30.0,110400,2016,yes,good,own,3680.0,2968.949743219198
110,Tuira,1,27.0,64000,1955,no,good,rent,2370.3703703703704,2556.6371812766356
111,Linnanmaa,1,21.5,99000,2014,yes,good,own,4604.6511627906975,4012.438469021417
112,Höyhtyä,1,32.0,125000,2017,yes,good,rent,3906.25,3065.432316834074
113,Höyhtyä,1,32.0,126500,2016,yes,good,rent,3953.125,3065.432316834074
114,Tuira,1,23.5,113000,2018,yes,good,rent,4808.510638297872,2556.6371812766356
115,Tuira,1,34.0,56000,1977,yes,bad,rent,1647.0588235294117,2556.6371812766356
116,Välivainio,1,24.0,49500,1963,no,good,rent,2062.5,2304.8410477167176
117,Länsi-tuira,1,24.0,96000,2012,yes,good,rent,4000.0,2544.8548340961097
118,Höyhtyä,1,28.0,135920,2022,yes, ,rent,4854.285714285715,3065.432316834074
119,Hiironen,1,29.0,102500,2013,yes,good,own,3534.4827586206898,2968.949743219198
120,Värttö,1,32.0,75000,1974,no,good,own,2343.75,2482.4331660390353
121,Linnanmaa,1,32.0,112000,2015,yes,good,own,3500.0,4012.438469021417
122,Linnanmaa,1,32.0,112000,2015,yes,good,own,3500.0,4012.438469021417
123,Maikkula,1,34.0,62000,1989,no,good,rent,1823.5294117647059,2085.6777493606137
124,Toppila,1,28.0,50000,1971,yes,fair,own,1785.7142857142858,1431.2842579565367
125,Heinäpää,1,36.5,116000,2004,no,good,own,3178.082191780822,2230.320550345751
126,Kaijonharju,1,30.0,35000,1977,yes,fair,rent,1166.6666666666667,1037.4877902854425
127,Linnanmaa,1,21.5,99000,2017,yes,good,own,4604.6511627906975,4012.438469021417
128,Linnanmaa,1,22.0,100000,2018,yes,good,own,4545.454545454545,4012.438469021417
129,Oulu,1,29.0,98500,1988,yes,fair,own,3396.551724137931,3152.1868963908673
130,Karjasilta,1,28.0,78000,1956,no,good,rent,2785.714285714286,2179.8779595021456
131,Linnanmaa,1,21.5,99500,2017,yes,good,own,4627.906976744186,4012.438469021417
132,Puolivälinkangas,1,30.0,47500,1968,no, ,rent,1583.3333333333333,1174.308222744517
133,Höyhtyä,1,32.0,126000,2017,yes,good,rent,3937.5,3065.432316834074
134,Karjasilta,1,25.0,45000,1957,no,fair,rent,1800.0,2179.8779595021456
135,Linnanmaa,1,30.5,113000,2015,yes,good,own,3704.9180327868853,4012.438469021417
136,Heinäpää,1,38.0,135000,2005,yes,good,own,3552.6315789473683,2230.320550345751
137,Toppilansalmi,1,22.5,100000,2022,yes,good,rent,4444.444444444444,3750.2809593953384
138,Metsokangas,1,35.0,91000,2016,no, ,rent,2600.0,2906.7292824145966
139,Oulu,1,28.5,132000,2018,yes,good,own,4631.578947368421,3152.1868963908673
140,Toppilansalmi,1,25.0,105000,2020,yes,good,rent,4200.0,3750.2809593953384
141,Metsokangas,1,27.5,97500,2019,no,good,rent,3545.4545454545455,2906.7292824145966
142,Toppilansalmi,1,31.0,117500,2020,yes,good,rent,3790.3225806451615,3750.2809593953384
143,Kaukovainio,1,36.0,51000,1973,yes,good,rent,1416.6666666666667,1336.6360477158462
144,Toppilansalmi,1,26.5,95000,2018,no,good,rent,3584.9056603773583,3750.2809593953384
145,Tuira,1,27.0,78000,1962,yes,good,rent,2888.8888888888887,2556.6371812766356
146,Raksila,1,29.0,50000,1942,no,good,rent,1724.1379310344828,2171.2408561588295
147,Tuira,1,25.0,66000,1960,no,good,rent,2640.0,2556.6371812766356
148,Hiironen,1,24.0,87750,2017,yes,good,rent,3656.25,2968.949743219198
149,Tuira,1,26.5,66000,1959,yes,fair,own,2490.566037735849,2556.6371812766356
150,Tuira,1,29.0,70000,1962,yes,good,rent,2413.793103448276,2556.6371812766356
151,Hiironen,1,30.0,99000,2016,yes,good,own,3300.0,2968.949743219198
152,Hiironen,1,30.0,100000,2017,yes,good,own,3333.3333333333335,2968.949743219198
153,Metsokangas,1,28.0,95500,2018,yes,good,rent,3410.714285714286,2906.7292824145966
154,Toppilansalmi,1,26.5,104000,2018,no,good,rent,3924.5283018867926,3750.2809593953384
155,Oulu,1,26.5,92000,1962,yes,good,own,3471.698113207547,3152.1868963908673
156,Kaukovainio,1,37.5,58000,1972,yes,good,rent,1546.6666666666667,1336.6360477158462
157,Keskusta,1,34.0,95000,1970,yes,good,own,2794.1176470588234,3179.3227764073595
158,Toppilansalmi,1,28.5,105500,2018,no,good,rent,3701.754385964912,3750.2809593953384
159,Keskusta,2,32.0,103000,1954,yes, ,own,3218.75,3179.3227764073595
160,Metsokangas,1,26.5,94700,2018,yes,good,rent,3573.5849056603774,2906.7292824145966
161,Keskusta,1,41.5,140000,2000,yes,good,rent,3373.4939759036147,3179.3227764073595
162,Myllyoja,1,31.0,47500,1975,no,fair,rent,1532.258064516129,1268.1674783372748
163,Toppilansalmi,1,26.0,105000,2019,yes,good,rent,4038.4615384615386,3750.2809593953384
164,Toppilansalmi,1,22.5,102000,2018,yes,good,rent,4533.333333333333,3750.2809593953384
165,Tuira,1,34.0,65000,1978,yes,good,rent,1911.764705882353,2556.6371812766356
166,Keskusta,1,36.5,150000,2014,yes,good,own,4109.58904109589,3179.3227764073595
167,Myllytulli,1,30.5,140000,2019,yes,good,rent,4590.163934426229,3141.0285702407214
168,Keskusta,2,40.5,90000,1994,yes,good,rent,2222.222222222222,3179.3227764073595
169,Etu-lyötty,2,53.0,129000,1993,yes,fair,own,2433.9622641509436,3267.6551538516082
170,Värttö,2,50.0,140000,1973,yes,good,own,2800.0,2482.4331660390353
171,Intiö,2,63.5,133500,1983,yes,good,own,2102.3622047244094,2198.111382272284
172,Keskusta,2,57.0,138000,1961,yes, ,own,2421.0526315789475,3179.3227764073595
173,Tuira,2,55.0,80000,1982,yes, ,rent,1454.5454545454545,2556.6371812766356
174,Hintta,2,46.0,75000,1999,no,good,own,1630.4347826086957,2093.5205314009663
175,Karjasilta,2,40.0,55000,1950,no, ,rent,1375.0,2179.8779595021456
176,Taka-lyötty,2,64.0,150000,2004,yes,good,rent,2343.75,2343.75
177,Metsokangas,2,44.0,106000,2012,no, ,rent,2409.090909090909,2906.7292824145966
178,Kaakkuri,2,46.0,100000,2011,no,good,rent,2173.913043478261,2119.9510898197573
179,Karjasilta,2,53.0,110000,1951,no,bad,rent,2075.4716981132074,2179.8779595021456
180,Tuira,2,52.0,200000,1950,yes,good,rent,3846.153846153846,2556.6371812766356
181,Karjasilta,2,53.0,184000,2018,yes,good,own,3471.698113207547,2179.8779595021456
182,Hintta,2,46.0,102730,2000,no,good,own,2233.2608695652175,2093.5205314009663
183,Raksila,2,52.0,118000,1965,yes,good,own,2269.230769230769,2171.2408561588295
184,Puolivälinkangas,2,45.0,45000,1974,yes,fair,rent,1000.0,1174.308222744517
185,Keskusta,2,45.0,90000,1940,yes,fair,own,2000.0,3179.3227764073595
186,Hintta,2,46.0,116500,2004,no,good,own,2532.608695652174,2093.5205314009663
187,Svaaninsuo,2,54.0,114000,1994,no,good,own,2111.1111111111113,2570.717770929635
188,Haukipudas,2,60.0,35000,1982,no,good,own,583.3333333333334,983.5526315789474
189,Myllytulli,2,62.0,153000,1992,yes, ,rent,2467.7419354838707,3141.0285702407214
190,Tuira,2,64.0,95000,1980,yes, ,rent,1484.375,2556.6371812766356
191,Höyhtyä,2,46.0,69900,1962,yes,good,rent,1519.5652173913043,3065.432316834074
192,Heinäpää,2,52.0,90000,1970,no,fair,own,1730.7692307692307,2230.320550345751
193,Ritaharju,2,53.0,132600,2010,no, ,rent,2501.8867924528304,2642.530087147403
194,Tuira,2,54.0,115000,1955,yes,good,rent,2129.6296296296296,2556.6371812766356
195,Tuira,2,48.0,78000,1985,yes, ,own,1625.0,2556.6371812766356
196,Keskusta,2,41.0,121000,1992,yes,good,own,2951.2195121951218,3179.3227764073595
197,Puolivälinkangas,2,60.0,62000,1969,no,good,rent,1033.3333333333333,1174.308222744517
198,Hiironen,2,51.0,130000,2010,no,good,rent,2549.0196078431372,2968.949743219198
199,Keskusta,2,51.0,245000,2019,yes,good,own,4803.921568627451,3179.3227764073595
200,Keskusta,2,54.0,110000,1961,yes, ,own,2037.037037037037,3179.3227764073595
201,Myllytulli,2,59.5,98000,1972,yes,good,own,1647.0588235294117,3141.0285702407214
202,Alppila,2,58.0,75000,1965,yes, ,rent,1293.103448275862,2675.1023673012123
203,Niittyaro,2,54.0,57000,1982,no,good,rent,1055.5555555555557,1226.1965943742077
204,Välivainio,2,57.0,79990,1968,yes, ,rent,1403.3333333333333,2304.8410477167176
205,Etu-lyötty,2,43.5,128000,1956,no,good,own,2942.5287356321837,3267.6551538516082
206,Puolivälinkangas,2,65.0,66500,1974,yes,good,rent,1023.0769230769231,1174.308222744517
207,Keskusta,2,58.0,175000,2003,yes,good,own,3017.2413793103447,3179.3227764073595
208,Kaukovainio,2,49.0,51000,1969,yes,good,rent,1040.8163265306123,1336.6360477158462
209,Kastelli,2,46.0,90000,1991,no,fair,own,1956.5217391304348,2064.474888903776
210,Välivainio,2,50.0,91000,1965,no,good,rent,1820.0,2304.8410477167176
211,Heinäpää,2,51.0,137000,1996,yes,good,own,2686.274509803922,2230.320550345751
212,Välivainio,2,47.0,140000,2011,yes,good,own,2978.723404255319,2304.8410477167176
213,Puolivälinkangas,2,50.0,87100,1980,yes,good,rent,1742.0,1174.308222744517
214,Heinäpää,2,57.0,139000,1989,yes,good,own,2438.59649122807,2230.320550345751
215,Keskusta,2,67.0,195000,2007,yes,good,own,2910.4477611940297,3179.3227764073595
216,Lintula,2,55.0,80000,1968,yes,fair,rent,1454.5454545454545,1712.2979667987315
217,Toivoniemi,2,53.0,163000,1956,yes,good,own,3075.4716981132074,2829.7603129797453
218,Kaukovainio,2,62.0,81000,1972,yes,good,rent,1306.4516129032259,1336.6360477158462
219,Tuira,2,63.0,89000,1979,yes, ,rent,1412.6984126984128,2556.6371812766356
220,"Haukipudas, keskusta",2,49.0,26463,1973,no,good,rent,540.0612244897959,540.0612244897959
221,Myllytulli,2,56.0,140000,1992,no,good,rent,2500.0,3141.0285702407214
222,Alppila,2,63.0,168000,2014,yes,good,rent,2666.6666666666665,2675.1023673012123
223,Värttö,2,50.0,102000,1973,yes, ,own,2040.0,2482.4331660390353
224,Keskusta,2,41.0,204000,2018,yes,good,own,4975.609756097561,3179.3227764073595
225,Svaaninsuo,2,44.0,135000,1994,no,good,own,3068.181818181818,2570.717770929635
226,Raksila,2,57.0,130000,1965,yes,good,own,2280.7017543859647,2171.2408561588295
227,Hiukkavaara,2,58.0,166000,2018,no,good,rent,2862.0689655172414,1561.702653979614
228,Kiulukangas,2,43.0,141000,2021,no,good,rent,3279.0697674418607,3237.035285535898
229,Mäntylä,2,50.0,65000,1989,no, ,rent,1300.0,1833.2617836654445
230,Kasarminranta,2,72.0,286220,2006,yes,good,own,3975.277777777778,4173.383190883192
231,Raksila,2,35.7,53000,1939,no,bad,rent,1484.5938375350138,2171.2408561588295
232,Tuira,2,54.0,105000,1968,yes,good,rent,1944.4444444444443,2556.6371812766356
233,Karjasilta,2,48.0,132000,1955,no,good,rent,2750.0,2179.8779595021456
234,Nokela,2,59.0,75000,1970,no,good,rent,1271.1864406779662,1852.3093193415054
235,Intiö,2,59.0,93000,1982,yes,bad,own,1576.2711864406779,2198.111382272284
236,Tuira,2,47.0,159000,2019,no,good,own,3382.978723404255,2556.6371812766356
237,Värttö,2,60.5,110000,1975,no,good,own,1818.1818181818182,2482.4331660390353
238,Tuira,2,62.0,97000,1976,yes,good,rent,1564.516129032258,2556.6371812766356
239,Ranta-kastelli,2,49.0,130000,1995,no,good,own,2653.061224489796,2653.061224489796
240,Toivoniemi,2,52.5,140000,1956,yes,good,own,2666.6666666666665,2829.7603129797453
241,Intiö,2,53.0,134000,1965,yes, ,own,2528.301886792453,2198.111382272284
242,Rajakylä,2,59.0,36000,1977,no,good,rent,610.1694915254237,853.9507412778029
243,Karjasilta,2,46.0,112678,1950,no,good,rent,2449.521739130435,2179.8779595021456
244,Höyhtyä,2,54.0,209500,2022,yes,good,rent,3879.6296296296296,3065.432316834074
245,Välivainio,2,40.0,142000,2021,yes,good,rent,3550.0,2304.8410477167176
246,Keskusta,2,53.0,110000,1965,yes,fair,own,2075.4716981132074,3179.3227764073595
247,Tuira,2,55.0,231600,2022,yes,good, ,4210.909090909091,2556.6371812766356
248,Raksila,2,59.5,98000,1969,yes,bad,own,1647.0588235294117,2171.2408561588295
249,Rajakylä,2,48.0,28000,1975,no,good,rent,583.3333333333334,853.9507412778029
250,Tuira,2,52.0,98700,1963,yes,good,own,1898.076923076923,2556.6371812766356
251,Puolivälinkangas,2,45.0,52000,1974,yes, ,rent,1155.5555555555557,1174.308222744517
252,Peltola,2,32.0,127000,2021,yes,good,rent,3968.75,2743.829084130451
253,Heinäpää,2,44.0,82500,1975,no,good,own,1875.0,2230.320550345751
254,Toppilansalmi,2,35.5,123000,2017,yes,good,rent,3464.788732394366,3750.2809593953384
255,Keskusta,2,44.0,156000,1990,yes,good,own,3545.4545454545455,3179.3227764073595
256,Tuira,2,60.0,112000,1939,no, ,rent,1866.6666666666667,2556.6371812766356
257,Ritaharju,2,46.5,137000,2018,no,good,rent,2946.2365591397847,2642.530087147403
258,Lintula,2,48.0,69900,1965,yes,fair,rent,1456.25,1712.2979667987315
259,Keskusta,2,50.0,244000,2020,yes,good,rent,4880.0,3179.3227764073595
260,Intiö,2,64.0,135000,1977,yes,good,own,2109.375,2198.111382272284
261,Tuira,2,78.0,90000,1980,yes,good,rent,1153.8461538461538,2556.6371812766356
262,Toppilansaari,2,41.5,125000,2008,yes,good,rent,3012.0481927710844,3413.741987454625
263,Keskusta,2,53.5,136000,1981,yes,good,own,2542.0560747663553,3179.3227764073595
264,Kaukovainio,2,55.0,75000,1969,yes,good,rent,1363.6363636363637,1336.6360477158462
265,Kaakkuri,2,57.0,92000,2006,yes,good,rent,1614.0350877192982,2119.9510898197573
266,Kaukovainio,2,61.5,74000,1973,yes,good,rent,1203.2520325203252,1336.6360477158462
267,Keskusta,2,53.5,256000,2014,yes,good,own,4785.046728971963,3179.3227764073595
268,Tuira,2,64.0,78000,1980,yes,good,rent,1218.75,2556.6371812766356
269,Nokela,2,43.0,71500,1956,no,good,rent,1662.7906976744187,1852.3093193415054
270,Lintula,2,52.0,118000,1968,yes,good,rent,2269.230769230769,1712.2979667987315
271,Välivainio,2,52.0,147000,2007,yes,good,own,2826.923076923077,2304.8410477167176
272,Intiö,2,62.0,120000,1975,yes,good,own,1935.483870967742,2198.111382272284
273,Keskusta,2,42.0,110000,1988,yes, ,own,2619.0476190476193,3179.3227764073595
274,Syynimaa,2,49.0,88000,1989,no,good,rent,1795.9183673469388,1824.3008314436886
275,Keskusta,2,54.0,98000,1970,yes,fair,own,1814.8148148148148,3179.3227764073595
276,Heinäpää,2,40.5,95000,1960,no,good,rent,2345.679012345679,2230.320550345751
277,Etu-lyötty,2,52.5,144000,1993,yes,good,own,2742.8571428571427,3267.6551538516082
278,Peltola,2,55.0,130000,1998,yes,good,rent,2363.6363636363635,2743.829084130451
279,Myllytulli,2,62.0,152000,1992,yes,good,rent,2451.6129032258063,3141.0285702407214
280,Mäntylä,2,59.0,83000,1984,no, ,rent,1406.7796610169491,1833.2617836654445
281,Etu-lyötty,2,48.0,149000,2004,yes,good,own,3104.1666666666665,3267.6551538516082
282,Intiö,2,64.0,140000,1978,yes,good,own,2187.5,2198.111382272284
283,Puolivälinkangas,2,51.0,55500,1975,yes,good,rent,1088.235294117647,1174.308222744517
284,Linnanmaa,2,55.0,134000,2000,yes,good,own,2436.3636363636365,4012.438469021417
285,Tuira,2,60.0,104000,1980,yes,good,rent,1733.3333333333333,2556.6371812766356
286,Toppilansalmi,2,40.5,152000,2019,yes,good,own,3753.0864197530864,3750.2809593953384
287,Alppila,2,56.0,85000,1963,yes,good,rent,1517.857142857143,2675.1023673012123
288,Keskusta,2,58.0,145000,1953,no,good,own,2500.0,3179.3227764073595
289,Etu-lyötty,2,45.5,175950,2020,yes,good,rent,3867.032967032967,3267.6551538516082
290,Keskusta,2,45.5,181930,2020,yes,good,rent,3998.4615384615386,3179.3227764073595
291,Keskusta,2,45.5,193240,2020,yes,good,rent,4247.0329670329675,3179.3227764073595
292,Keskusta,2,50.0,215000,1998,yes,good,rent,4300.0,3179.3227764073595
293,Etu-lyötty,2,50.5,171000,2011,yes,good,own,3386.138613861386,3267.6551538516082
294,Alppila,2,55.0,151500,2014,yes, ,rent,2754.5454545454545,2675.1023673012123
295,Limingantulli,2,45.5,154000,2012,yes,good,rent,3384.6153846153848,3483.5066416634213
296,Koskela,2,50.0,58000,1970,no,good,rent,1160.0,1076.4021129400965
297,Keskusta,2,50.0,106000,1959,no,good,own,2120.0,3179.3227764073595
298,Koskela,2,62.0,66000,1970,no,good,rent,1064.516129032258,1076.4021129400965
299,Niittyaro,2,47.0,63000,1981,no,good,rent,1340.4255319148936,1226.1965943742077
300,Karjasilta,2,57.0,124000,1948,no,good,rent,2175.438596491228,2179.8779595021456
301,Keskusta,2,59.0,121000,1962,yes,fair,own,2050.8474576271187,3179.3227764073595
302,Karjasilta,2,45.0,106000,1953,no,good,rent,2355.5555555555557,2179.8779595021456
303,Oulu,2,44.0,83000,1962,yes,bad,rent,1886.3636363636363,3152.1868963908673
304,Keskusta,2,40.0,135000,1998,yes,good,own,3375.0,3179.3227764073595
305,Intiö,2,61.5,180000,2005,yes,good,rent,2926.829268292683,2198.111382272284
306,Kiulukangas,2,44.0,130000,2015,no,good,rent,2954.5454545454545,3237.035285535898
307,Höyhtyä,2,52.0,63000,1959,yes, ,rent,1211.5384615384614,3065.432316834074
308,Svaaninsuo,2,54.0,120000,1995,yes,good,own,2222.222222222222,2570.717770929635
309,Keskusta,2,35.0,93000,1963,no,fair,own,2657.1428571428573,3179.3227764073595
310,Toppilansalmi,2,40.5,145000,2019,yes,good,own,3580.246913580247,3750.2809593953384
311,Keskusta,2,48.0,155000,2000,yes,good,own,3229.1666666666665,3179.3227764073595
312,Tuira,2,50.5,110000,1960,yes,good,rent,2178.2178217821784,2556.6371812766356
313,Keskusta,2,58.0,138000,1990,yes,good,own,2379.310344827586,3179.3227764073595
314,Puolivälinkangas,2,60.0,63000,1970,yes,fair,rent,1050.0,1174.308222744517
315,Länsi-tuira,2,48.0,85500,1985,yes,fair,own,1781.25,2544.8548340961097
316,Heinäpää,2,42.0,95000,1958,no,good,own,2261.904761904762,2230.320550345751
317,Heinäpää,2,49.0,104000,1980,yes,bad,own,2122.4489795918366,2230.320550345751
318,Tuira,2,54.0,70000,1958,no,bad,rent,1296.2962962962963,2556.6371812766356
319,Tuira,2,55.5,79000,1977,yes,good,rent,1423.4234234234234,2556.6371812766356
320,Toppilansaari,2,61.0,231500,2014,yes,good,own,3795.0819672131147,3413.741987454625
321,Keskusta,2,48.0,112000,1963,yes,good,own,2333.3333333333335,3179.3227764073595
322,Intiö,2,58.5,133000,1982,yes,good,own,2273.5042735042734,2198.111382272284
323,Keskusta,2,56.0,112000,1961,no, ,own,2000.0,3179.3227764073595
324,Tuira,2,33.0,130000,2021,no,good,rent,3939.3939393939395,2556.6371812766356
325,Kaijonranta,2,62.0,102000,1986,no,good,rent,1645.1612903225807,1339.1369365520188
326,Lintula,2,54.5,86000,1965,no,good,rent,1577.9816513761468,1712.2979667987315
327,Keskusta,2,57.0,95000,1952,yes,fair,own,1666.6666666666667,3179.3227764073595
328,Keskusta,2,57.0,137000,1970,yes, ,own,2403.5087719298244,3179.3227764073595
329,Oulunsalo,2,54.0,82000,1999,no,good,rent,1518.5185185185185,1660.0226180378852
330,Välivainio,2,52.8,85000,1962,no,good,rent,1609.848484848485,2304.8410477167176
331,Välivainio,2,46.5,130000,2010,yes,good,own,2795.6989247311826,2304.8410477167176
332,Toppila,2,48.0,67000,1994,yes,good,own,1395.8333333333333,1431.2842579565367
333,Metsokangas,2,43.5,90500,2011,no,good,rent,2080.4597701149423,2906.7292824145966
334,Kaakkuri,2,44.5,90500,2011,no,good,rent,2033.7078651685392,2119.9510898197573
335,Pateniemi,2,48.0,93000,2002,no,good,own,1937.5,1937.5
336,Toppilansalmi,2,57.0,252500,2018,yes,good,rent,4429.824561403509,3750.2809593953384
337,Heinäpää,2,40.5,83250,1959,yes,good,rent,2055.5555555555557,2230.320550345751
338,Oulu,2,41.0,65000,1990,no,good,rent,1585.3658536585365,3152.1868963908673
339,Kaakkuri,2,50.0,93000,2007,no,good,rent,1860.0,2119.9510898197573
340,Toppilansalmi,2,45.0,165500,2022,yes,good,rent,3677.777777777778,3750.2809593953384
341,Etu-lyötty,2,58.0,152000,2003,yes,good,own,2620.689655172414,3267.6551538516082
342,Keskusta,2,38.0,164500,2018,yes,good,own,4328.9473684210525,3179.3227764073595
343,Heinäpää,2,46.5,89000,1963,yes,fair,rent,1913.978494623656,2230.320550345751
344,Välivainio,2,56.0,157000,2007,yes,good,own,2803.5714285714284,2304.8410477167176
345,Simpsi,2,44.0,65000,1988,no,fair,rent,1477.2727272727273,1477.2727272727273
346,Toppilansalmi,2,35.5,123000,2020,yes,good,rent,3464.788732394366,3750.2809593953384
347,Tuira,2,44.0,159200,2016,no, ,own,3618.181818181818,2556.6371812766356
348,Välivainio,2,46.5,140000,2010,yes,good,own,3010.7526881720432,2304.8410477167176
349,Kynsilehto,2,48.0,120000,2005,no,good,own,2500.0,2344.444444444445
350,Kynsilehto,2,48.0,116100,2005,no,good,own,2418.75,2344.444444444445
351,Kaukovainio,2,61.5,58000,1972,yes,good,rent,943.089430894309,1336.6360477158462
352,Kynsilehto,2,48.0,101500,2005,no,good,own,2114.5833333333335,2344.444444444445
353,Koskela,2,51.0,53000,1959,no,good,own,1039.2156862745098,1076.4021129400965
354,Höyhtyä,2,54.0,208700,2022,yes,good,rent,3864.814814814815,3065.432316834074
355,Etu-lyötty,2,43.5,140000,2008,yes,good,rent,3218.390804597701,3267.6551538516082
356,Linnanmaa,2,48.5,148000,2013,yes,good,own,3051.546391752577,4012.438469021417
357,Tuira,2,54.0,194500,2022,yes,good, ,3601.8518518518517,2556.6371812766356
358,Hiironen,2,43.0,133000,2014,yes,good,own,3093.0232558139537,2968.949743219198
359,Raksila,2,54.0,130000,1946,no,good,rent,2407.4074074074074,2171.2408561588295
360,Keskusta,2,48.0,108000,1962,yes,good,own,2250.0,3179.3227764073595
361,Kaukovainio,2,56.0,71800,1971,yes,fair,rent,1282.142857142857,1336.6360477158462
362,Höyhtyä,2,58.0,66500,1962,yes,good,rent,1146.551724137931,3065.432316834074
363,Raksila,2,51.0,144000,1968,yes,good,own,2823.529411764706,2171.2408561588295
364,Keskusta,2,49.0,227000,2014,yes, ,own,4632.65306122449,3179.3227764073595
365,Kaukovainio,2,52.0,85000,1985,no,good,rent,1634.6153846153845,1336.6360477158462
366,Kaukovainio,2,61.5,72000,1972,yes,good,rent,1170.7317073170732,1336.6360477158462
367,Toppilansalmi,2,37.5,152500,2022,yes,good,rent,4066.6666666666665,3750.2809593953384
368,Kaijonharju,2,63.5,60000,1985,no,good,rent,944.8818897637796,1037.4877902854425
369,Toppilansalmi,2,32.5,118000,2017,yes,good,rent,3630.769230769231,3750.2809593953384
370,Etu-lyötty,2,44.0,122800,1957,no,good,own,2790.909090909091,3267.6551538516082
371,Toppilansalmi,2,44.0,152000,2019,yes,good,rent,3454.5454545454545,3750.2809593953384
372,Hiironen,2,45.5,85000,1999,no,good,own,1868.131868131868,2968.949743219198
373,Kaukovainio,2,58.0,67433,1969,no,good,rent,1162.6379310344828,1336.6360477158462
374,Toppilansalmi,2,44.0,148000,2019,yes,good,rent,3363.6363636363635,3750.2809593953384
375,Heinäpää,2,41.0,110000,1992,yes,fair,own,2682.9268292682927,2230.320550345751
376,"Kaakkuri, metelinkangas",2,55.0,111500,2002,yes,good,rent,2027.2727272727273,2027.2727272727273
377,Peltola,2,42.5,125000,1999,yes,good,rent,2941.176470588235,2743.829084130451
378,Tuira,2,50.5,96000,1978,yes,good,rent,1900.990099009901,2556.6371812766356
379,Keskusta,2,35.0,98000,1962,yes,good,own,2800.0,3179.3227764073595
380,Heinäpää,2,41.0,85000,1959,yes,good,rent,2073.170731707317,2230.320550345751
381,Toppilansaari,2,42.0,155000,2017,yes,good,own,3690.4761904761904,3413.741987454625
382,Keskusta,2,46.0,197700,1998,yes,good,rent,4297.826086956522,3179.3227764073595
383,Tuira,2,64.0,60000,1980,yes,good,rent,937.5,2556.6371812766356
384,Puolivälinkangas,2,50.0,35000,1980,yes,good,rent,700.0,1174.308222744517
385,Limingantulli,2,40.0,173000,2017,yes,good,own,4325.0,3483.5066416634213
386,Kaakkuri,2,44.5,83000,2003,yes,good,rent,1865.1685393258426,2119.9510898197573
387,Heinäpää,2,52.0,112000,1972,yes,good,own,2153.846153846154,2230.320550345751
388,Tuira,2,60.5,114000,1981,yes,good,rent,1884.297520661157,2556.6371812766356
389,Ritaharju,2,37.0,115000,2019,yes,good,rent,3108.108108108108,2642.530087147403
390,Toppilansalmi,2,39.5,136000,2018,no,good,rent,3443.0379746835442,3750.2809593953384
391,Keskusta,2,41.0,180000,2018,yes,good,own,4390.243902439024,3179.3227764073595
392,Karjasilta,2,53.0,82000,1953,no,good,rent,1547.1698113207547,2179.8779595021456
393,Tuira,2,58.0,105000,1963,no,good,rent,1810.344827586207,2556.6371812766356
394,Välivainio,2,52.0,58000,1963,no, ,rent,1115.3846153846155,2304.8410477167176
395,Keskusta,2,54.0,115000,1963,yes,fair,own,2129.6296296296296,3179.3227764073595
396,Niittyaro,2,46.0,59000,1982,no,good,rent,1282.608695652174,1226.1965943742077
397,Maikkula,2,46.0,108000,2013,yes,good,rent,2347.8260869565215,2085.6777493606137
398,Puulinnanmaa,2,48.0,110000,2000,no,good,own,2291.6666666666665,2291.6666666666665
399,Keskusta,2,36.0,100500,1958,no,good,own,2791.6666666666665,3179.3227764073595
400,Tuira,2,57.0,85000,1957,yes,bad,rent,1491.2280701754387,2556.6371812766356
401,Toppilansalmi,2,41.5,132500,2018,no,good,rent,3192.7710843373493,3750.2809593953384
402,Länsi-tuira,2,46.0,120000,1955,no, ,rent,2608.695652173913,2544.8548340961097
403,Höyhtyä,2,49.0,189000,2018,yes,good,own,3857.1428571428573,3065.432316834074
404,Toppilansalmi,2,37.5,125000,2020,yes,good,rent,3333.3333333333335,3750.2809593953384
405,Heinäpää,2,38.0,69000,1958,no,good,rent,1815.7894736842106,2230.320550345751
406,Alppila,2,68.5,195000,2009,yes,good,rent,2846.715328467153,2675.1023673012123
407,Alppila,2,56.0,88500,1966,yes,fair,rent,1580.357142857143,2675.1023673012123
408,Raksila,2,43.0,75000,1954,no,fair,rent,1744.1860465116279,2171.2408561588295
409,Alppila,2,65.0,81000,1956,no,good,rent,1246.1538461538462,2675.1023673012123
410,Hollihaka,2,42.0,175000,2013,yes,good,own,4166.666666666667,2931.770360350811
411,Toppila,2,45.5,78000,1997,no,good,rent,1714.2857142857142,1431.2842579565367
412,Rajakylä,2,46.5,72000,2004,yes,good,rent,1548.3870967741937,853.9507412778029
413,Tuira,2,55.0,199000,2022,yes,good, ,3618.181818181818,2556.6371812766356
414,Tuira,2,55.0,280500,2022,yes,good, ,5100.0,2556.6371812766356
415,Keskusta,2,73.0,229000,1957,yes,good,own,3136.986301369863,3179.3227764073595
416,Alppila,2,50.0,151000,2011,yes,good,rent,3020.0,2675.1023673012123
417,Keskusta,2,55.0,112000,1980,yes,fair,own,2036.3636363636363,3179.3227764073595
418,Keskusta,2,40.0,156000,1999,yes,good,rent,3900.0,3179.3227764073595
419,Länsi-tuira,2,57.0,102000,1988,yes,good,rent,1789.4736842105262,2544.8548340961097
420,Toppilansalmi,2,44.5,146000,2018,no,good,rent,3280.8988764044943,3750.2809593953384
421,Välivainio,2,53.0,70500,1967,yes,fair,rent,1330.188679245283,2304.8410477167176
422,Heinäpää,2,52.0,106655,1959,no,good,own,2051.0576923076924,2230.320550345751
423,Raksila,2,55.5,96500,1970,yes,fair,own,1738.7387387387387,2171.2408561588295
424,Toppilansalmi,2,40.0,148000,2019,yes,good,own,3700.0,3750.2809593953384
425,Heinäpää,2,54.0,105000,1961,yes,fair,rent,1944.4444444444443,2230.320550345751
426,Keskusta,2,51.0,145000,1960,yes,good,own,2843.1372549019607,3179.3227764073595
427,Heinäpää,2,58.0,144000,1972,no,good,own,2482.7586206896553,2230.320550345751
428,Haukipudas,2,50.0,81000,2000,yes,good,own,1620.0,983.5526315789474
429,Hintta,2,45.0,89000,1994,no,good,own,1977.7777777777778,2093.5205314009663
430,Myllytulli,2,63.0,155000,1999,yes,good,own,2460.3174603174602,3141.0285702407214
431,Hiukkavaara,2,53.0,64500,1965,no,good,own,1216.9811320754718,1561.702653979614
432,Hiukkavaara,2,53.0,64500,1965,no,good,own,1216.9811320754718,1561.702653979614
433,Etu-nokela,2,56.0,83000,1965,yes,good,rent,1482.142857142857,1567.2088084059915
434,Keskusta,2,51.0,133000,1980,yes,good,own,2607.843137254902,3179.3227764073595
435,Etu-lyötty,2,47.0,150000,2011,yes,good,rent,3191.4893617021276,3267.6551538516082
436,Heinäpää,2,58.0,107000,1976,no,good,own,1844.8275862068965,2230.320550345751
437,Metsokangas,2,39.0,114000,2018,yes,good,rent,2923.076923076923,2906.7292824145966
438,Metsokangas,2,39.0,114000,2018,yes,good,rent,2923.076923076923,2906.7292824145966
439,Keskusta,2,45.0,107069,1963,no,good,own,2379.311111111111,3179.3227764073595
440,Karjasilta,2,50.0,105000,1950,no,good,rent,2100.0,2179.8779595021456
441,Kaijonharju,2,58.5,63000,1976,yes,good,rent,1076.923076923077,1037.4877902854425
442,Tuira,3,74.0,97000,1984,yes,good,rent,1310.8108108108108,2556.6371812766356
443,Värttö,3,78.5,152000,1974,no,good,own,1936.3057324840765,2482.4331660390353
444,Alppila,3,57.0,98500,1965,yes,good,rent,1728.0701754385964,2675.1023673012123
445,Tuira,3,59.0,263000,2022,yes,good, ,4457.627118644068,2556.6371812766356
446,Toppila,3,67.0,95000,1997,yes,good,own,1417.910447761194,1431.2842579565367
447,Laanila,3,81.0,124000,1964,no,good,rent,1530.8641975308642,1702.932098765432
448,Kasarmi,3,57.0,162500,2005,yes, ,rent,2850.877192982456,2850.877192982456
449,Intiö,3,63.5,140000,1954,yes,good,own,2204.7244094488187,2198.111382272284
450,Tuira,3,66.0,254600,2022,yes, , ,3857.5757575757575,2556.6371812766356
451,Keskusta,3,71.0,249000,2003,yes,good,own,3507.042253521127,3179.3227764073595
452,Jääli,3,69.5,98000,2002,no,good,own,1410.071942446043,1410.071942446043
453,Tuira,3,79.0,215000,1968,yes,good,rent,2721.518987341772,2556.6371812766356
454,Intiö,3,80.0,157000,1979,yes,good,own,1962.5,2198.111382272284
455,Karjasilta,3,53.0,80000,1957,no,good,rent,1509.433962264151,2179.8779595021456
456,Laanila,3,64.0,120000,1958,no,good,rent,1875.0,1702.932098765432
457,Kontinkangas,3,73.0,40000,1971,yes, ,rent,547.945205479452,547.945205479452
458,Lintula,3,63.0,115000,1967,yes,good,rent,1825.3968253968253,1712.2979667987315
459,Keskusta,3,82.5,226000,1970,yes,good,own,2739.3939393939395,3179.3227764073595
460,Alppila,3,68.0,106000,1962,yes,good,rent,1558.8235294117646,2675.1023673012123
461,Haukipudas,3,75.0,95000,1982,no,good,own,1266.6666666666667,983.5526315789474
462,Keskusta,3,68.0,175000,1981,yes,good,own,2573.529411764706,3179.3227764073595
463,Puolivälinkangas,3,76.0,86000,1969,no,good,rent,1131.578947368421,1174.308222744517
464,Puolivälinkangas,3,78.0,63000,1970,no, ,rent,807.6923076923077,1174.308222744517
465,Tuira,3,73.0,120000,1988,yes,fair,rent,1643.835616438356,2556.6371812766356
466,Syynimaa,3,72.0,130000,1993,no, ,rent,1805.5555555555557,1824.3008314436886
467,Intiö,3,80.0,160000,1982,yes,good,own,2000.0,2198.111382272284
468,Hiironen,3,69.0,177000,2016,yes,good,rent,2565.217391304348,2968.949743219198
469,Tuira,3,78.0,114500,1982,yes,good,rent,1467.948717948718,2556.6371812766356
470,Myllytulli,3,78.5,210000,1993,yes,good,rent,2675.1592356687897,3141.0285702407214
471,Mäntylä,3,71.0,257700,2022,yes,good,rent,3629.5774647887324,1833.2617836654445
472,Hollihaka,3,62.0,195000,2006,yes,good,own,3145.1612903225805,2931.770360350811
473,Metsokangas,3,75.0,164000,2010,no, ,rent,2186.6666666666665,2906.7292824145966
474,Hollihaka,3,88.0,237500,2007,yes,good,own,2698.8636363636365,2931.770360350811
475,Etu-lyötty,3,64.0,200500,2005,yes,good,own,3132.8125,3267.6551538516082
476,Tuira,3,74.0,278000,2009,yes,good,rent,3756.7567567567567,2556.6371812766356
477,Keskusta,3,65.0,306000,2017,yes,good,own,4707.692307692308,3179.3227764073595
478,Keskusta,3,76.5,231825,1990,no,good,own,3030.392156862745,3179.3227764073595
479,Etu-lyötty,3,70.0,217000,2003,yes, ,own,3100.0,3267.6551538516082
480,Heinäpää,3,76.0,180000,1983,no,good,own,2368.4210526315787,2230.320550345751
481,Kivikkokangas,3,62.0,176000,2019,no,good,rent,2838.7096774193546,3111.9386570911815
482,Etu-lyötty,3,68.5,237500,2004,yes,good,own,3467.1532846715327,3267.6551538516082
483,Meri-toppila,3,82.0,87000,1994,yes,good,own,1060.9756097560976,1060.9756097560976
484,Tuira,2,82.5,385000,2019,yes,good,own,4666.666666666667,2556.6371812766356
485,Intiö,3,60.0,169000,2005,yes, ,own,2816.6666666666665,2198.111382272284
486,Kaijonharju,3,80.0,74000,1976,no,good,rent,925.0,1037.4877902854425
487,Mäntylä,3,76.5,89000,1986,no,good,rent,1163.3986928104575,1833.2617836654445
488,Keskusta,3,66.0,149000,1961,yes,good,own,2257.5757575757575,3179.3227764073595
489,Keskusta,3,69.5,310000,2020,yes,good,rent,4460.431654676259,3179.3227764073595
490,Keskusta,3,74.0,151000,1962,yes,good,own,2040.5405405405406,3179.3227764073595
491,Höyhtyä,3,71.0,122000,1963,yes,good,rent,1718.3098591549297,3065.432316834074
492,Toppila,3,82.0,112000,1993,yes, ,own,1365.8536585365853,1431.2842579565367
493,Etu-nokela,3,72.0,102000,1970,no,good,rent,1416.6666666666667,1567.2088084059915
494,Toppilansalmi,3,61.5,168500,2017,yes,good,rent,2739.837398373984,3750.2809593953384
495,Kastelli,2,59.0,136000,1990,no,good,own,2305.084745762712,2064.474888903776
496,Tuira,3,59.0,247800,2022,yes,good, ,4200.0,2556.6371812766356
497,Toivoniemi,3,60.0,148000,1951,yes,fair,own,2466.6666666666665,2829.7603129797453
498,Tuira,3,65.0,105000,1962,yes,good,rent,1615.3846153846155,2556.6371812766356
499,Syynimaa,3,70.0,131000,1989,no,good,rent,1871.4285714285713,1824.3008314436886
500,Kiiminki,3,76.0,108000,2004,no,good,own,1421.0526315789473,1421.0526315789473
501,Lintula,3,71.0,126000,1965,no,good,rent,1774.6478873239437,1712.2979667987315
502,Karjasilta,3,73.0,146000,1950,no,good,rent,2000.0,2179.8779595021456
503,"Haukipudas, martinniemi",3,77.0,9900,1973,no,fair,rent,128.57142857142858,128.57142857142858
504,Keskusta,3,84.0,181000,1955,yes,good,own,2154.7619047619046,3179.3227764073595
505,Kiulukangas,2,60.0,161000,2015,no, ,rent,2683.3333333333335,3237.035285535898
506,Hiironen,3,72.0,145000,2001,yes,good,own,2013.888888888889,2968.949743219198
507,Karjasilta,3,73.0,155000,1950,no,good,rent,2123.2876712328766,2179.8779595021456
508,Keskusta,3,61.5,265000,1998,yes,good,rent,4308.943089430894,3179.3227764073595
509,Tuira,3,69.0,280000,2014,yes,good,rent,4057.9710144927535,2556.6371812766356
510,Toppilansalmi,3,59.0,175000,2018,yes,good,rent,2966.101694915254,3750.2809593953384
511,Intiö,3,80.0,129000,1979,yes,fair,own,1612.5,2198.111382272284
512,Värttö,3,74.0,262000,2007,yes,good,own,3540.5405405405404,2482.4331660390353
513,Heinäpää,3,67.5,145000,1960,no,good,rent,2148.1481481481483,2230.320550345751
514,Keskusta,3,77.0,349400,2021,yes,good,own,4537.662337662337,3179.3227764073595
515,Heinäpää,3,72.5,170270,1970,yes,good,own,2348.551724137931,2230.320550345751
516,"Kiiminki, keskusta",3,73.0,178000,2013,yes,good,own,2438.3561643835615,2438.3561643835615
517,Mäntylä,3,73.0,145000,1981,no,good,rent,1986.3013698630136,1833.2617836654445
518,Kaukovainio,3,75.5,81000,1966,no,good,rent,1072.8476821192053,1336.6360477158462
519,Kaukovainio,3,70.0,69000,1969,no,good,rent,985.7142857142857,1336.6360477158462
520,Raksila,3,79.0,203000,1970,yes,good,own,2569.6202531645567,2171.2408561588295
521,Kaijonharju,3,68.0,72000,1984,yes, ,rent,1058.8235294117646,1037.4877902854425
522,Koskela,3,70.0,70000,1968,no,good,rent,1000.0,1076.4021129400965
523,Kiviharju,3,67.0,125900,2007,yes,good,rent,1879.1044776119404,1879.1044776119404
524,Toppilansalmi,3,66.0,279000,2017,yes,good,rent,4227.272727272727,3750.2809593953384
525,Myllytulli,3,69.5,168000,1992,yes,good,rent,2417.26618705036,3141.0285702407214
526,Intiö,3,62.0,132100,1952,yes,good,own,2130.6451612903224,2198.111382272284
527,Limingantulli,3,77.0,215000,2008,yes,good,own,2792.2077922077924,3483.5066416634213
528,Toppilansalmi,3,78.0,285000,2019,yes,good,rent,3653.846153846154,3750.2809593953384
529,Myllyoja,3,68.0,56000,1976,no,good,rent,823.5294117647059,1268.1674783372748
530,Värttö,3,86.0,160000,1973,no,fair,own,1860.4651162790697,2482.4331660390353
531,Myllytulli,3,62.0,185000,1996,yes,good,own,2983.8709677419356,3141.0285702407214
532,Tuira,3,78.5,135000,1981,yes,good,rent,1719.7452229299363,2556.6371812766356
533,Etu-lyötty,3,66.0,263000,2008,yes,good,own,3984.848484848485,3267.6551538516082
534,Metsokangas,3,55.0,121500,2012,no,good,rent,2209.090909090909,2906.7292824145966
535,Hollihaka,3,83.0,235500,1981,yes,good,own,2837.3493975903616,2931.770360350811
536,Keskusta,3,72.0,215000,1999,yes,good,own,2986.1111111111113,3179.3227764073595
537,Keskusta,3,82.5,155000,1970,yes,fair,own,1878.7878787878788,3179.3227764073595
538,Tuira,3,71.0,73500,1962,yes,fair,rent,1035.2112676056338,2556.6371812766356
539,Etu-lyötty,3,70.0,235000,2006,yes,good,own,3357.1428571428573,3267.6551538516082
540,Patamäki,3,70.5,110000,1990,no,good,own,1560.2836879432625,1560.2836879432625
541,Haukipudas,3,76.0,35280,1973,no,fair,rent,464.2105263157895,983.5526315789474
542,Koskela,3,70.0,65000,1970,no,good,rent,928.5714285714286,1076.4021129400965
543,Keskusta,3,71.0,155000,1954,no,fair,own,2183.0985915492956,3179.3227764073595
544,Kaakkuri,3,79.0,146500,2004,yes,good,rent,1854.4303797468353,2119.9510898197573
545,Kaijonranta,3,75.5,78000,1986,yes,good,rent,1033.112582781457,1339.1369365520188
546,Intiö,3,80.0,180000,1978,yes,good,own,2250.0,2198.111382272284
547,Keskusta,3,82.5,300000,1999,yes,good,rent,3636.3636363636365,3179.3227764073595
548,Toppilansaari,2,63.0,183000,2005,yes,good,rent,2904.7619047619046,3413.741987454625
549,Myllyoja,3,77.5,79000,1973,yes,good,rent,1019.3548387096774,1268.1674783372748
550,Toppilansalmi,3,69.0,257900,2013,yes,good,own,3737.68115942029,3750.2809593953384
551,Myllytulli,3,60.0,242900,2020,yes,good,rent,4048.3333333333335,3141.0285702407214
552,Metsokangas,3,70.0,171000,2014,no,good,rent,2442.8571428571427,2906.7292824145966
553,Myllytulli,3,68.5,166000,1990,no,good,rent,2423.3576642335765,3141.0285702407214
554,Heinäpää,3,84.0,150000,1970,yes,fair,own,1785.7142857142858,2230.320550345751
555,Koskela,3,59.5,42000,1969,no,bad,rent,705.8823529411765,1076.4021129400965
556,Intiö,3,69.5,177000,2004,yes,good,rent,2546.7625899280574,2198.111382272284
557,Höyhtyä,3,70.0,284900,2022,no,good,rent,4070.0,3065.432316834074
558,Keskusta,3,83.0,145000,1955,yes,fair,own,1746.987951807229,3179.3227764073595
559,Keskusta,3,75.0,183424,1954,no,good,own,2445.653333333333,3179.3227764073595
560,Alppila,3,66.5,192000,2015,yes,good,rent,2887.218045112782,2675.1023673012123
561,Kaukovainio,3,81.0,72400,1967,no,good,rent,893.8271604938271,1336.6360477158462
562,Taskila,3,68.0,127000,2003,no,good,own,1867.6470588235295,1867.6470588235295
563,Tuira,3,76.5,77000,1979,yes,fair,rent,1006.5359477124183,2556.6371812766356
564,Välivainio,3,70.0,85330,1965,no, ,rent,1219.0,2304.8410477167176
565,Kaakkuri,3,61.5,160000,2012,yes,good,rent,2601.6260162601625,2119.9510898197573
566,Ritaharju,3,72.0,145000,2008,yes,good,rent,2013.888888888889,2642.530087147403
567,Meritulli,3,82.0,285000,2000,yes,good,rent,3475.609756097561,3475.609756097561
568,Keskusta,3,75.5,210000,1996,yes,good,rent,2781.456953642384,3179.3227764073595
569,Etu-nokela,3,71.0,128000,1970,no,good,rent,1802.8169014084508,1567.2088084059915
570,Myllytulli,3,58.0,259000,2019,yes, , ,4465.517241379311,3141.0285702407214
571,Koskela,3,59.5,52000,1969,no,bad,rent,873.9495798319327,1076.4021129400965
572,Toppilansalmi,3,64.5,236770,2021,yes,good,rent,3670.8527131782944,3750.2809593953384
573,Tuira,3,78.0,128000,1975,no,good,rent,1641.025641025641,2556.6371812766356
574,Hiukkavaara,3,64.0,86500,1965,no,good,own,1351.5625,1561.702653979614
575,Keskusta,3,73.5,280000,1998,yes,good,rent,3809.5238095238096,3179.3227764073595
576,Kaukovainio,3,66.0,206000,2020,yes,good,rent,3121.212121212121,1336.6360477158462
577,Kasarminranta,2,78.0,302500,2007,yes,good,own,3878.2051282051284,4173.383190883192
578,Tuira,3,79.4,92000,1959,no,fair,rent,1158.690176322418,2556.6371812766356
579,Intiö,3,70.0,177000,2004,yes,good,rent,2528.5714285714284,2198.111382272284
580,Tuira,3,73.5,97000,1984,yes,good,rent,1319.7278911564626,2556.6371812766356
581,Välivainio,3,63.0,170000,2008,yes,good,own,2698.4126984126983,2304.8410477167176
582,Heikkilänkangas,3,68.0,88000,2001,no,fair,rent,1294.1176470588234,1294.1176470588234
583,Intiö,2,80.0,135000,1982,yes,fair,own,1687.5,2198.111382272284
584,Oulunsalo,3,65.5,118000,2010,yes,good,own,1801.526717557252,1660.0226180378852
585,Heinäpää,3,67.5,120000,1960,no,good,rent,1777.7777777777778,2230.320550345751
586,Heinäpää,3,68.0,85000,1960,no, ,rent,1250.0,2230.320550345751
587,Alppila,3,71.0,193000,2008,yes,good,rent,2718.3098591549297,2675.1023673012123
588,Peltola,3,66.0,180000,2004,yes,good,rent,2727.2727272727275,2743.829084130451
589,Keskusta,3,87.0,265494,1928,yes,good,own,3051.655172413793,3179.3227764073595
590,Tuira,3,69.0,240000,2012,yes,good,rent,3478.2608695652175,2556.6371812766356
591,Kaijonharju,3,76.0,80000,1983,yes,good,rent,1052.6315789473683,1037.4877902854425
592,Toppilansaari,3,69.0,305000,2017,yes,good,own,4420.289855072464,3413.741987454625
593,Talvikangas,3,74.0,155000,2007,no,good,rent,2094.5945945945946,2094.5945945945946
594,Keskusta,3,85.0,174000,1965,yes,good,own,2047.0588235294117,3179.3227764073595
595,Keskusta,4,117.0,309000,1962,yes,good,own,2641.025641025641,3179.3227764073595
596,Värttö,4,85.5,345000,2009,yes,good,own,4035.0877192982457,2482.4331660390353
597,Toppila,4,92.5,84000,1993,yes,good,own,908.1081081081081,1431.2842579565367
598,Kaukovainio,4,85.0,83000,1969,no,good,rent,976.4705882352941,1336.6360477158462
599,Toppilansalmi,4,86.0,310000,2012,yes,good,rent,3604.6511627906975,3750.2809593953384
600,Kivikkokangas,4,77.0,204900,2017,no, ,rent,2661.038961038961,3111.9386570911815
601,Värttö,4,92.5,182000,1974,no,good,own,1967.5675675675675,2482.4331660390353
602,Etu-lyötty,4,93.0,308000,2008,yes,good,own,3311.8279569892475,3267.6551538516082
603,Tuira,4,94.0,365000,2014,no,good,rent,3882.978723404255,2556.6371812766356
604,Keskusta,4,78.5,283500,2015,yes,good,own,3611.4649681528663,3179.3227764073595
605,Lintula,2,82.5,148000,1967,no,good,rent,1793.939393939394,1712.2979667987315
606,Kaukovainio,3,90.0,148000,1971,yes,good,rent,1644.4444444444443,1336.6360477158462
607,Keskusta,5,134.0,273000,1973,yes,good,own,2037.313432835821,3179.3227764073595
608,Tuira,4,112.0,560000,2012,yes,good,rent,5000.0,2556.6371812766356
609,Heinäpää,4,86.0,135000,1976,yes, ,own,1569.7674418604652,2230.320550345751
610,Lintula,5,97.0,150000,1969,no,good,rent,1546.3917525773195,1712.2979667987315
611,Rajakylä,4,92.0,62000,1975,no,good,rent,673.9130434782609,853.9507412778029
612,Heinäpää,4,81.0,359000,2016,yes,good,own,4432.098765432099,2230.320550345751
613,Kaukovainio,5,102.0,168000,1969,yes,good,rent,1647.0588235294117,1336.6360477158462
614,Kaukovainio,4,92.0,105000,1969,yes,good,rent,1141.304347826087,1336.6360477158462
615,Välivainio,4,93.5,130000,1965,no,good,rent,1390.374331550802,2304.8410477167176
616,Heinäpää,4,83.0,169000,1965,yes,good,own,2036.144578313253,2230.320550345751
617,Heinäpää,4,92.5,176000,1984,yes,good,own,1902.7027027027027,2230.320550345751
618,Keskusta,4,89.0,180000,1960,yes,fair,own,2022.4719101123596,3179.3227764073595
619,Metsokangas,4,78.0,175000,2016,no,good,rent,2243.5897435897436,2906.7292824145966
620,Kastelli,4,88.0,170000,1988,no,good,own,1931.8181818181818,2064.474888903776
621,Hiukkavaara,4,87.0,101000,1965,no,fair,own,1160.9195402298851,1561.702653979614
622,Keskusta,4,96.0,229000,1953,no,good,own,2385.4166666666665,3179.3227764073595
623,Keskusta,4,102.0,221000,1960,yes,good,own,2166.6666666666665,3179.3227764073595
624,Tuira,4,95.0,200000,1968,no,good,rent,2105.2631578947367,2556.6371812766356
625,Keskusta,3,117.0,210000,1962,yes,good,own,1794.871794871795,3179.3227764073595
626,Kaukovainio,4,92.0,92000,1973,no,fair,rent,1000.0,1336.6360477158462
627,Kaukovainio,4,94.0,98000,1971,yes,fair,rent,1042.5531914893618,1336.6360477158462
628,Toppilansaari,4,97.0,258000,2007,yes,good,rent,2659.7938144329896,3413.741987454625
629,Alppila,4,96.0,254550,2008,yes,good,rent,2651.5625,2675.1023673012123
630,Tuira,5,113.0,255000,1978,yes,good,rent,2256.637168141593,2556.6371812766356
631,Toivoniemi,5,127.0,395000,1957,yes,good,own,3110.236220472441,2829.7603129797453
632,Tuira,4,81.0,119500,1961,yes,good,rent,1475.3086419753085,2556.6371812766356
633,Limingantulli,5,118.0,405000,2012,yes,good,own,3432.2033898305085,3483.5066416634213
634,Intiö,4,86.0,177000,1958,yes,good,own,2058.139534883721,2198.111382272284
635,Kaukovainio,4,84.0,100000,1970,no,good,rent,1190.4761904761904,1336.6360477158462
636,Kaukovainio,5,109.0,125000,1972,yes,good,rent,1146.788990825688,1336.6360477158462
637,Koskela,4,90.0,89000,1972,yes,good,rent,988.8888888888889,1076.4021129400965
638,Keskusta,4,110.0,140000,1957,yes,fair,own,1272.7272727272727,3179.3227764073595
